[
    {
        "Country": "El Salvador",
        "Slug": "el-salvador"
    },
    {
        "Country": "Falkland Islands (Malvinas)",
        "Slug": "falkland-islands-malvinas"
    },
    {
        "Country": "Faroe Islands",
        "Slug": "faroe-islands"
    },
    {
        "Country": "Jersey",
        "Slug": "jersey"
    },
    {
        "Country": "Latvia",
        "Slug": "latvia"
    },
    {
        "Country": "Maldives",
        "Slug": "maldives"
    },
    {
        "Country": "Portugal",
        "Slug": "portugal"
    },
    {
        "Country": "Bangladesh",
        "Slug": "bangladesh"
    },
    {
        "Country": "Sao Tome and Principe",
        "Slug": "sao-tome-and-principe"
    },
    {
        "Country": "San Marino",
        "Slug": "san-marino"
    },
    {
        "Country": "Afghanistan",
        "Slug": "afghanistan"
    },
    {
        "Country": "Aruba",
        "Slug": "aruba"
    },
    {
        "Country": "Comoros",
        "Slug": "comoros"
    },
    {
        "Country": "Syrian Arab Republic (Syria)",
        "Slug": "syria"
    },
    {
        "Country": "Guernsey",
        "Slug": "guernsey"
    },
    {
        "Country": "Romania",
        "Slug": "romania"
    },
    {
        "Country": "Uruguay",
        "Slug": "uruguay"
    },
    {
        "Country": "Costa Rica",
        "Slug": "costa-rica"
    },
    {
        "Country": "Dominica",
        "Slug": "dominica"
    },
    {
        "Country": "Finland",
        "Slug": "finland"
    },
    {
        "Country": "Chad",
        "Slug": "chad"
    },
    {
        "Country": "United Kingdom",
        "Slug": "united-kingdom"
    },
    {
        "Country": "Gabon",
        "Slug": "gabon"
    },
    {
        "Country": "Gambia",
        "Slug": "gambia"
    },
    {
        "Country": "Guyana",
        "Slug": "guyana"
    },
    {
        "Country": "Martinique",
        "Slug": "martinique"
    },
    {
        "Country": "Monaco",
        "Slug": "monaco"
    },
    {
        "Country": "Belgium",
        "Slug": "belgium"
    },
    {
        "Country": "Montserrat",
        "Slug": "montserrat"
    },
    {
        "Country": "Poland",
        "Slug": "poland"
    },
    {
        "Country": "Australia",
        "Slug": "australia"
    },
    {
        "Country": "China",
        "Slug": "china"
    },
    {
        "Country": "Christmas Island",
        "Slug": "christmas-island"
    },
    {
        "Country": "Malaysia",
        "Slug": "malaysia"
    },
    {
        "Country": "Mozambique",
        "Slug": "mozambique"
    },
    {
        "Country": "Azerbaijan",
        "Slug": "azerbaijan"
    },
    {
        "Country": "Guinea",
        "Slug": "guinea"
    },
    {
        "Country": "Angola",
        "Slug": "angola"
    },
    {
        "Country": "Israel",
        "Slug": "israel"
    },
    {
        "Country": "Korea (North)",
        "Slug": "korea-north"
    },
    {
        "Country": "Lithuania",
        "Slug": "lithuania"
    },
    {
        "Country": "United States of America",
        "Slug": "united-states"
    },
    {
        "Country": "Uzbekistan",
        "Slug": "uzbekistan"
    },
    {
        "Country": "Austria",
        "Slug": "austria"
    },
    {
        "Country": "Tunisia",
        "Slug": "tunisia"
    },
    {
        "Country": "Cuba",
        "Slug": "cuba"
    },
    {
        "Country": "Greece",
        "Slug": "greece"
    },
    {
        "Country": "Guatemala",
        "Slug": "guatemala"
    },
    {
        "Country": "Norfolk Island",
        "Slug": "norfolk-island"
    },
    {
        "Country": "Saint Vincent and Grenadines",
        "Slug": "saint-vincent-and-the-grenadines"
    },
    {
        "Country": "Saint-Martin (French part)",
        "Slug": "saint-martin-french-part"
    },
    {
        "Country": "Anguilla",
        "Slug": "anguilla"
    },
    {
        "Country": "Andorra",
        "Slug": "andorra"
    },
    {
        "Country": "Botswana",
        "Slug": "botswana"
    },
    {
        "Country": "Burundi",
        "Slug": "burundi"
    },
    {
        "Country": "Italy",
        "Slug": "italy"
    },
    {
        "Country": "South Sudan",
        "Slug": "south-sudan"
    },
    {
        "Country": "American Samoa",
        "Slug": "american-samoa"
    },
    {
        "Country": "Guadeloupe",
        "Slug": "guadeloupe"
    },
    {
        "Country": "Georgia",
        "Slug": "georgia"
    },
    {
        "Country": "Korea (South)",
        "Slug": "korea-south"
    },
    {
        "Country": "Qatar",
        "Slug": "qatar"
    },
    {
        "Country": "Saudi Arabia",
        "Slug": "saudi-arabia"
    },
    {
        "Country": "Congo (Kinshasa)",
        "Slug": "congo-kinshasa"
    },
    {
        "Country": "France",
        "Slug": "france"
    },
    {
        "Country": "Marshall Islands",
        "Slug": "marshall-islands"
    },
    {
        "Country": "Sudan",
        "Slug": "sudan"
    },
    {
        "Country": "Brunei Darussalam",
        "Slug": "brunei"
    },
    {
        "Country": "Grenada",
        "Slug": "grenada"
    },
    {
        "Country": "Bhutan",
        "Slug": "bhutan"
    },
    {
        "Country": "Sierra Leone",
        "Slug": "sierra-leone"
    },
    {
        "Country": "Central African Republic",
        "Slug": "central-african-republic"
    },
    {
        "Country": "Cocos (Keeling) Islands",
        "Slug": "cocos-keeling-islands"
    },
    {
        "Country": "Côte d'Ivoire",
        "Slug": "cote-divoire"
    },
    {
        "Country": "Ecuador",
        "Slug": "ecuador"
    },
    {
        "Country": "Fiji",
        "Slug": "fiji"
    },
    {
        "Country": "Ghana",
        "Slug": "ghana"
    },
    {
        "Country": "Philippines",
        "Slug": "philippines"
    },
    {
        "Country": "Western Sahara",
        "Slug": "western-sahara"
    },
    {
        "Country": "Northern Mariana Islands",
        "Slug": "northern-mariana-islands"
    },
    {
        "Country": "Mayotte",
        "Slug": "mayotte"
    },
    {
        "Country": "Chile",
        "Slug": "chile"
    },
    {
        "Country": "Slovakia",
        "Slug": "slovakia"
    },
    {
        "Country": "Taiwan, Republic of China",
        "Slug": "taiwan"
    },
    {
        "Country": "Barbados",
        "Slug": "barbados"
    },
    {
        "Country": "Iceland",
        "Slug": "iceland"
    },
    {
        "Country": "Indonesia",
        "Slug": "indonesia"
    },
    {
        "Country": "Kyrgyzstan",
        "Slug": "kyrgyzstan"
    },
    {
        "Country": "Montenegro",
        "Slug": "montenegro"
    },
    {
        "Country": "Seychelles",
        "Slug": "seychelles"
    },
    {
        "Country": "Slovenia",
        "Slug": "slovenia"
    },
    {
        "Country": "Cameroon",
        "Slug": "cameroon"
    },
    {
        "Country": "Antigua and Barbuda",
        "Slug": "antigua-and-barbuda"
    },
    {
        "Country": "Jordan",
        "Slug": "jordan"
    },
    {
        "Country": "Mexico",
        "Slug": "mexico"
    },
    {
        "Country": "New Zealand",
        "Slug": "new-zealand"
    },
    {
        "Country": "Russian Federation",
        "Slug": "russia"
    },
    {
        "Country": "Senegal",
        "Slug": "senegal"
    },
    {
        "Country": "Pakistan",
        "Slug": "pakistan"
    },
    {
        "Country": "Samoa",
        "Slug": "samoa"
    },
    {
        "Country": "Thailand",
        "Slug": "thailand"
    },
    {
        "Country": "Virgin Islands, US",
        "Slug": "virgin-islands"
    },
    {
        "Country": "Benin",
        "Slug": "benin"
    },
    {
        "Country": "Hungary",
        "Slug": "hungary"
    },
    {
        "Country": "Liberia",
        "Slug": "liberia"
    },
    {
        "Country": "Swaziland",
        "Slug": "swaziland"
    },
    {
        "Country": "Republic of Kosovo",
        "Slug": "kosovo"
    },
    {
        "Country": "Turkey",
        "Slug": "turkey"
    },
    {
        "Country": "Uganda",
        "Slug": "uganda"
    },
    {
        "Country": "Libya",
        "Slug": "libya"
    },
    {
        "Country": "Lebanon",
        "Slug": "lebanon"
    },
    {
        "Country": "Malta",
        "Slug": "malta"
    },
    {
        "Country": "Morocco",
        "Slug": "morocco"
    },
    {
        "Country": "Singapore",
        "Slug": "singapore"
    },
    {
        "Country": "Sweden",
        "Slug": "sweden"
    },
    {
        "Country": "British Virgin Islands",
        "Slug": "british-virgin-islands"
    },
    {
        "Country": "ALA Aland Islands",
        "Slug": "ala-aland-islands"
    },
    {
        "Country": "Isle of Man",
        "Slug": "isle-of-man"
    },
    {
        "Country": "Netherlands Antilles",
        "Slug": "netherlands-antilles"
    },
    {
        "Country": "New Caledonia",
        "Slug": "new-caledonia"
    },
    {
        "Country": "Norway",
        "Slug": "norway"
    },
    {
        "Country": "Panama",
        "Slug": "panama"
    },
    {
        "Country": "Papua New Guinea",
        "Slug": "papua-new-guinea"
    },
    {
        "Country": "Togo",
        "Slug": "togo"
    },
    {
        "Country": "Palau",
        "Slug": "palau"
    },
    {
        "Country": "Solomon Islands",
        "Slug": "solomon-islands"
    },
    {
        "Country": "Belize",
        "Slug": "belize"
    },
    {
        "Country": "Greenland",
        "Slug": "greenland"
    },
    {
        "Country": "Timor-Leste",
        "Slug": "timor-leste"
    },
    {
        "Country": "Dominican Republic",
        "Slug": "dominican-republic"
    },
    {
        "Country": "Bulgaria",
        "Slug": "bulgaria"
    },
    {
        "Country": "Gibraltar",
        "Slug": "gibraltar"
    },
    {
        "Country": "Svalbard and Jan Mayen Islands",
        "Slug": "svalbard-and-jan-mayen-islands"
    },
    {
        "Country": "Ukraine",
        "Slug": "ukraine"
    },
    {
        "Country": "Venezuela (Bolivarian Republic)",
        "Slug": "venezuela"
    },
    {
        "Country": "French Guiana",
        "Slug": "french-guiana"
    },
    {
        "Country": "Pitcairn",
        "Slug": "pitcairn"
    },
    {
        "Country": "Egypt",
        "Slug": "egypt"
    },
    {
        "Country": "Cayman Islands",
        "Slug": "cayman-islands"
    },
    {
        "Country": "South Africa",
        "Slug": "south-africa"
    },
    {
        "Country": "Nicaragua",
        "Slug": "nicaragua"
    },
    {
        "Country": "Belarus",
        "Slug": "belarus"
    },
    {
        "Country": "Wallis and Futuna Islands",
        "Slug": "wallis-and-futuna-islands"
    },
    {
        "Country": "Albania",
        "Slug": "albania"
    },
    {
        "Country": "Guam",
        "Slug": "guam"
    },
    {
        "Country": "Mali",
        "Slug": "mali"
    },
    {
        "Country": "Switzerland",
        "Slug": "switzerland"
    },
    {
        "Country": "Tokelau",
        "Slug": "tokelau"
    },
    {
        "Country": "Turks and Caicos Islands",
        "Slug": "turks-and-caicos-islands"
    },
    {
        "Country": "United Arab Emirates",
        "Slug": "united-arab-emirates"
    },
    {
        "Country": "Cook Islands",
        "Slug": "cook-islands"
    },
    {
        "Country": "Djibouti",
        "Slug": "djibouti"
    },
    {
        "Country": "US Minor Outlying Islands",
        "Slug": "us-minor-outlying-islands"
    },
    {
        "Country": "Zambia",
        "Slug": "zambia"
    },
    {
        "Country": "Ireland",
        "Slug": "ireland"
    },
    {
        "Country": "Macedonia, Republic of",
        "Slug": "macedonia"
    },
    {
        "Country": "Niue",
        "Slug": "niue"
    },
    {
        "Country": "Sri Lanka",
        "Slug": "sri-lanka"
    },
    {
        "Country": "Croatia",
        "Slug": "croatia"
    },
    {
        "Country": "French Southern Territories",
        "Slug": "french-southern-territories"
    },
    {
        "Country": "Hong Kong, SAR China",
        "Slug": "hong-kong-sar-china"
    },
    {
        "Country": "Kazakhstan",
        "Slug": "kazakhstan"
    },
    {
        "Country": "Macao, SAR China",
        "Slug": "macao-sar-china"
    },
    {
        "Country": "Denmark",
        "Slug": "denmark"
    },
    {
        "Country": "Spain",
        "Slug": "spain"
    },
    {
        "Country": "Tanzania, United Republic of",
        "Slug": "tanzania"
    },
    {
        "Country": "Turkmenistan",
        "Slug": "turkmenistan"
    },
    {
        "Country": "Cape Verde",
        "Slug": "cape-verde"
    },
    {
        "Country": "Estonia",
        "Slug": "estonia"
    },
    {
        "Country": "Saint Lucia",
        "Slug": "saint-lucia"
    },
    {
        "Country": "Viet Nam",
        "Slug": "vietnam"
    },
    {
        "Country": "Palestinian Territory",
        "Slug": "palestine"
    },
    {
        "Country": "Liechtenstein",
        "Slug": "liechtenstein"
    },
    {
        "Country": "Mauritius",
        "Slug": "mauritius"
    },
    {
        "Country": "Namibia",
        "Slug": "namibia"
    },
    {
        "Country": "Nepal",
        "Slug": "nepal"
    },
    {
        "Country": "Bahamas",
        "Slug": "bahamas"
    },
    {
        "Country": "Brazil",
        "Slug": "brazil"
    },
    {
        "Country": "Congo (Brazzaville)",
        "Slug": "congo-brazzaville"
    },
    {
        "Country": "Myanmar",
        "Slug": "myanmar"
    },
    {
        "Country": "Saint-Barthélemy",
        "Slug": "saint-barthélemy"
    },
    {
        "Country": "Somalia",
        "Slug": "somalia"
    },
    {
        "Country": "Antarctica",
        "Slug": "antarctica"
    },
    {
        "Country": "French Polynesia",
        "Slug": "french-polynesia"
    },
    {
        "Country": "Haiti",
        "Slug": "haiti"
    },
    {
        "Country": "Kiribati",
        "Slug": "kiribati"
    },
    {
        "Country": "Lao PDR",
        "Slug": "lao-pdr"
    },
    {
        "Country": "Rwanda",
        "Slug": "rwanda"
    },
    {
        "Country": "Saint Pierre and Miquelon",
        "Slug": "saint-pierre-and-miquelon"
    },
    {
        "Country": "South Georgia and the South Sandwich Islands",
        "Slug": "south-georgia-and-the-south-sandwich-islands"
    },
    {
        "Country": "Cyprus",
        "Slug": "cyprus"
    },
    {
        "Country": "Bosnia and Herzegovina",
        "Slug": "bosnia-and-herzegovina"
    },
    {
        "Country": "Czech Republic",
        "Slug": "czech-republic"
    },
    {
        "Country": "Trinidad and Tobago",
        "Slug": "trinidad-and-tobago"
    },
    {
        "Country": "Armenia",
        "Slug": "armenia"
    },
    {
        "Country": "Bouvet Island",
        "Slug": "bouvet-island"
    },
    {
        "Country": "British Indian Ocean Territory",
        "Slug": "british-indian-ocean-territory"
    },
    {
        "Country": "Cambodia",
        "Slug": "cambodia"
    },
    {
        "Country": "Canada",
        "Slug": "canada"
    },
    {
        "Country": "Colombia",
        "Slug": "colombia"
    },
    {
        "Country": "Heard and Mcdonald Islands",
        "Slug": "heard-and-mcdonald-islands"
    },
    {
        "Country": "Kuwait",
        "Slug": "kuwait"
    },
    {
        "Country": "Bolivia",
        "Slug": "bolivia"
    },
    {
        "Country": "Saint Kitts and Nevis",
        "Slug": "saint-kitts-and-nevis"
    },
    {
        "Country": "Tonga",
        "Slug": "tonga"
    },
    {
        "Country": "Iran, Islamic Republic of",
        "Slug": "iran"
    },
    {
        "Country": "Burkina Faso",
        "Slug": "burkina-faso"
    },
    {
        "Country": "Holy See (Vatican City State)",
        "Slug": "holy-see-vatican-city-state"
    },
    {
        "Country": "Nigeria",
        "Slug": "nigeria"
    },
    {
        "Country": "Serbia",
        "Slug": "serbia"
    },
    {
        "Country": "Japan",
        "Slug": "japan"
    },
    {
        "Country": "Saint Helena",
        "Slug": "saint-helena"
    },
    {
        "Country": "Tuvalu",
        "Slug": "tuvalu"
    },
    {
        "Country": "Yemen",
        "Slug": "yemen"
    },
    {
        "Country": "Germany",
        "Slug": "germany"
    },
    {
        "Country": "Peru",
        "Slug": "peru"
    },
    {
        "Country": "Zimbabwe",
        "Slug": "zimbabwe"
    },
    {
        "Country": "Bahrain",
        "Slug": "bahrain"
    },
    {
        "Country": "Ethiopia",
        "Slug": "ethiopia"
    },
    {
        "Country": "Jamaica",
        "Slug": "jamaica"
    },
    {
        "Country": "Netherlands",
        "Slug": "netherlands"
    },
    {
        "Country": "Moldova",
        "Slug": "moldova"
    },
    {
        "Country": "Oman",
        "Slug": "oman"
    },
    {
        "Country": "Madagascar",
        "Slug": "madagascar"
    },
    {
        "Country": "Mauritania",
        "Slug": "mauritania"
    },
    {
        "Country": "Nauru",
        "Slug": "nauru"
    },
    {
        "Country": "Malawi",
        "Slug": "malawi"
    },
    {
        "Country": "Iraq",
        "Slug": "iraq"
    },
    {
        "Country": "Equatorial Guinea",
        "Slug": "equatorial-guinea"
    },
    {
        "Country": "Honduras",
        "Slug": "honduras"
    },
    {
        "Country": "Lesotho",
        "Slug": "lesotho"
    },
    {
        "Country": "Puerto Rico",
        "Slug": "puerto-rico"
    },
    {
        "Country": "Réunion",
        "Slug": "réunion"
    },
    {
        "Country": "Argentina",
        "Slug": "argentina"
    },
    {
        "Country": "Micronesia, Federated States of",
        "Slug": "micronesia"
    },
    {
        "Country": "Suriname",
        "Slug": "suriname"
    },
    {
        "Country": "Algeria",
        "Slug": "algeria"
    },
    {
        "Country": "Guinea-Bissau",
        "Slug": "guinea-bissau"
    },
    {
        "Country": "India",
        "Slug": "india"
    },
    {
        "Country": "Niger",
        "Slug": "niger"
    },
    {
        "Country": "Eritrea",
        "Slug": "eritrea"
    },
    {
        "Country": "Mongolia",
        "Slug": "mongolia"
    },
    {
        "Country": "Tajikistan",
        "Slug": "tajikistan"
    },
    {
        "Country": "Vanuatu",
        "Slug": "vanuatu"
    },
    {
        "Country": "Kenya",
        "Slug": "kenya"
    },
    {
        "Country": "Luxembourg",
        "Slug": "luxembourg"
    },
    {
        "Country": "Paraguay",
        "Slug": "paraguay"
    },
    {
        "Country": "Bermuda",
        "Slug": "bermuda"
    }
]